{"carbon_emissions": 0.9097409942252249, "unmet_hours": 0.46894965237474645, "ramping": 1.432567764131115, "load_factor": 1.0221522510889545, "daily_peak": 0.8964603149553774, "all-time_peak": 0.9144325631079799, "thermal_resilience": 0.5984126984126984, "unserved_energy": 0.6373341086588927, "score": 0.736941933631897, "_timestamp": 1700080267.84885, "_runtime": 603.5437400341034, "_step": 1, "best_score": 0.736941933631897}