{"Carbon emissions": 1.0274516013301085, "Unmet hours": 0.7465265252058219, "Ramping": 1.4901943792757135, "Load factor": 0.9963444706129136, "Daily peak": 1.0024435981255257, "All-time peak": 0.8702631949310835, "Thermal resilience": 0.7269841269841271, "Unserved energy": 0.6203017923050371, "Score": 0.8557394742965698, "_timestamp": 1697397584.536581, "_runtime": 37.20905613899231, "_step": 0, "_wandb": {"runtime": 36}}