{"carbon_emissions": 0.9180503576480938, "unmet_hours": 0.28643594069195416, "ramping": 1.5418910259460936, "load_factor": 1.0642798435516996, "daily_peak": 0.9596912951762164, "all-time_peak": 0.9598398225284189, "thermal_resilience": 0.5476190476190476, "unserved_energy": 0.5447846131012511, "score": 0.6810240149497986, "_timestamp": 1699876374.2313347, "_runtime": 8989.497551679611, "_step": 23, "best_score": 0.6678328514099121}