{"carbon_emissions": 0.923749028034262, "unmet_hours": 0.2826251429608253, "ramping": 1.5598334824799827, "load_factor": 1.0720672950979002, "daily_peak": 0.9796454422779308, "all-time_peak": 0.9363446354406435, "thermal_resilience": 0.5253968253968254, "unserved_energy": 0.5524055206529689, "score": 0.6799246072769165, "_timestamp": 1699878609.320818, "_runtime": 11224.58703494072, "_step": 29, "best_score": 0.6588699221611023}