{"carbon_emissions": 0.9204938711796985, "unmet_hours": 0.2829330195117762, "ramping": 1.5362067345811041, "load_factor": 1.0767010129229153, "daily_peak": 0.993717279118228, "all-time_peak": 0.8975536519554288, "thermal_resilience": 0.4365079365079365, "unserved_energy": 0.6049508672743852, "score": 0.6709614992141724, "_timestamp": 1699886078.5053642, "_runtime": 18693.771581172943, "_step": 49, "best_score": 0.6530113816261292, "_wandb": {"runtime": 18693}}