{"carbon_emissions": 1.0395016670653212, "unmet_hours": 0.7473052173957161, "ramping": 1.63747417483418, "load_factor": 0.9860628677207929, "daily_peak": 1.0103288359816138, "all-time_peak": 0.9307589022315897, "thermal_resilience": 0.6142857142857143, "unserved_energy": 0.5689416769669561, "score": 0.8479726910591125, "_timestamp": 1699866843.6978083, "_runtime": 40.98148822784424, "_step": 0, "best_score": 0.8479726910591125, "_wandb": {"runtime": 40}}