{"Carbon emissions": 1.0191546723100038, "Unmet hours": 0.756665634287113, "Ramping": 1.4074191903591637, "Load factor": 1.0055359985866332, "Daily peak": 1.0127936523895669, "All-time peak": 0.9655203942326578, "Thermal resilience": 0.6825396825396824, "Unserved energy": 0.618823519567926, "Score": 0.8534648418426514, "_timestamp": 1697397403.9385502, "_runtime": 38.3131103515625, "_step": 0, "_wandb": {"runtime": 37}}