{"Carbon emissions": 1.0179489068478007, "Unmet hours": 0.7438749703025432, "Ramping": 1.448777568490441, "Load factor": 0.987368578151408, "Daily peak": 0.9866834392641146, "All-time peak": 0.9271113084089451, "Thermal resilience": 0.6825396825396824, "Unserved energy": 0.556783828809882, "Score": 0.8371015191078186, "_timestamp": 1697396958.6327393, "_runtime": 37.52029538154602, "_step": 0, "_wandb": {"runtime": 37}}