{"carbon_emissions": 1.0316769800352106, "unmet_hours": 0.7442365455094025, "ramping": 1.5913955062533798, "load_factor": 0.9710833531114729, "daily_peak": 0.9695146111661429, "all-time_peak": 0.9641681699554037, "thermal_resilience": 0.7492063492063492, "unserved_energy": 0.606688983680704, "score": 0.8670350313186646, "_timestamp": 1699867088.9636712, "_runtime": 41.343961238861084, "_step": 0, "best_score": 0.8670350313186646, "_wandb": {"runtime": 40}}