{"Carbon emissions": 1.0103420428917325, "Unmet hours": 0.753629909264031, "Ramping": 1.503173893833537, "Load factor": 0.9988430584255819, "Daily peak": 1.0050577768271836, "All-time peak": 1.027568115647192, "Thermal resilience": 0.7269841269841271, "Unserved energy": 0.61001414288898, "Score": 0.8677711486816406, "_timestamp": 1697397289.6825314, "_runtime": 37.197848320007324, "_step": 0, "_wandb": {"runtime": 36}}