{"carbon_emissions": 0.9327993107266077, "unmet_hours": 0.2739618754258986, "ramping": 1.4960042848119757, "load_factor": 1.0557772716623548, "daily_peak": 0.9758138495723035, "all-time_peak": 1.093104568495599, "thermal_resilience": 0.5920634920634921, "unserved_energy": 0.5990953451470196, "score": 0.7006947994232178, "_timestamp": 1700080072.8035846, "_runtime": 19458.33704853058, "_step": 53, "best_score": 0.6689425110816956}