{"carbon_emissions": 1.4605070531383664, "unmet_hours": 0.8768856440993629, "ramping": 4.676030818053195, "load_factor": 1.1539495701834606, "daily_peak": 1.7068476362259142, "all-time_peak": 1.3604647239478347, "thermal_resilience": 0.7952380952380952, "unserved_energy": 0.5315043701866536, "score": 1.2754247188568115, "_timestamp": 1699942657.84537, "_runtime": 52346.025690078735, "_step": 99, "best_score": 0.8459938764572144, "_wandb": {"runtime": 52346}}