{"carbon_emissions": 0.9303489880363106, "unmet_hours": 0.2655103083945984, "ramping": 1.5894399057417183, "load_factor": 1.1037431822416828, "daily_peak": 1.0395457871926028, "all-time_peak": 1.0537989210568053, "thermal_resilience": 0.5746031746031746, "unserved_energy": 0.5434643209034149, "score": 0.6993876695632935, "_timestamp": 1699948652.3079445, "_runtime": 51720.6326315403, "_step": 99, "best_score": 0.6617522835731506, "_wandb": {"runtime": 51720}}